{
  "Immediate": {
    "threshold": 0.35,
    "avg_similarity": 0.25327763894707184,
    "min_similarity": 0.08019511039677239,
    "max_similarity": 0.3197642992396267
  },
  "High": {
    "threshold": 0.3,
    "avg_similarity": 0.24521123237753933,
    "min_similarity": 0.06912703317910913,
    "max_similarity": 0.39175303599980243
  },
  "Moderate": {
    "threshold": 0.20000000000000004,
    "avg_similarity": 0.24388730679600734,
    "min_similarity": 0.13872326498761584,
    "max_similarity": 0.36732184358514613
  },
  "Low": {
    "threshold": 0.15000000000000002,
    "avg_similarity": 0.24757994179425652,
    "min_similarity": 0.14275429998198436,
    "max_similarity": 0.349013424997894
  }
}